--
-- PostgreSQL database dump
--

-- Dumped from database version 16.2
-- Dumped by pg_dump version 16.2

SET statement_timeout = 0;
SET lock_timeout = 0;
SET idle_in_transaction_session_timeout = 0;
SET client_encoding = 'UTF8';
SET standard_conforming_strings = on;
SELECT pg_catalog.set_config('search_path', '', false);
SET check_function_bodies = false;
SET xmloption = content;
SET client_min_messages = warning;
SET row_security = off;

SET default_tablespace = '';

SET default_table_access_method = heap;

--
-- Name: auth_group; Type: TABLE; Schema: public; Owner: postgres
--

CREATE TABLE public.auth_group (
    id integer NOT NULL,
    name character varying(150) NOT NULL
);


ALTER TABLE public.auth_group OWNER TO postgres;

--
-- Name: auth_group_id_seq; Type: SEQUENCE; Schema: public; Owner: postgres
--

ALTER TABLE public.auth_group ALTER COLUMN id ADD GENERATED BY DEFAULT AS IDENTITY (
    SEQUENCE NAME public.auth_group_id_seq
    START WITH 1
    INCREMENT BY 1
    NO MINVALUE
    NO MAXVALUE
    CACHE 1
);


--
-- Name: auth_group_permissions; Type: TABLE; Schema: public; Owner: postgres
--

CREATE TABLE public.auth_group_permissions (
    id bigint NOT NULL,
    group_id integer NOT NULL,
    permission_id integer NOT NULL
);


ALTER TABLE public.auth_group_permissions OWNER TO postgres;

--
-- Name: auth_group_permissions_id_seq; Type: SEQUENCE; Schema: public; Owner: postgres
--

ALTER TABLE public.auth_group_permissions ALTER COLUMN id ADD GENERATED BY DEFAULT AS IDENTITY (
    SEQUENCE NAME public.auth_group_permissions_id_seq
    START WITH 1
    INCREMENT BY 1
    NO MINVALUE
    NO MAXVALUE
    CACHE 1
);


--
-- Name: auth_permission; Type: TABLE; Schema: public; Owner: postgres
--

CREATE TABLE public.auth_permission (
    id integer NOT NULL,
    name character varying(255) NOT NULL,
    content_type_id integer NOT NULL,
    codename character varying(100) NOT NULL
);


ALTER TABLE public.auth_permission OWNER TO postgres;

--
-- Name: auth_permission_id_seq; Type: SEQUENCE; Schema: public; Owner: postgres
--

ALTER TABLE public.auth_permission ALTER COLUMN id ADD GENERATED BY DEFAULT AS IDENTITY (
    SEQUENCE NAME public.auth_permission_id_seq
    START WITH 1
    INCREMENT BY 1
    NO MINVALUE
    NO MAXVALUE
    CACHE 1
);


--
-- Name: auth_user; Type: TABLE; Schema: public; Owner: postgres
--

CREATE TABLE public.auth_user (
    id integer NOT NULL,
    password character varying(128) NOT NULL,
    last_login timestamp with time zone,
    is_superuser boolean NOT NULL,
    username character varying(150) NOT NULL,
    first_name character varying(150) NOT NULL,
    last_name character varying(150) NOT NULL,
    email character varying(254) NOT NULL,
    is_staff boolean NOT NULL,
    is_active boolean NOT NULL,
    date_joined timestamp with time zone NOT NULL
);


ALTER TABLE public.auth_user OWNER TO postgres;

--
-- Name: auth_user_groups; Type: TABLE; Schema: public; Owner: postgres
--

CREATE TABLE public.auth_user_groups (
    id bigint NOT NULL,
    user_id integer NOT NULL,
    group_id integer NOT NULL
);


ALTER TABLE public.auth_user_groups OWNER TO postgres;

--
-- Name: auth_user_groups_id_seq; Type: SEQUENCE; Schema: public; Owner: postgres
--

ALTER TABLE public.auth_user_groups ALTER COLUMN id ADD GENERATED BY DEFAULT AS IDENTITY (
    SEQUENCE NAME public.auth_user_groups_id_seq
    START WITH 1
    INCREMENT BY 1
    NO MINVALUE
    NO MAXVALUE
    CACHE 1
);


--
-- Name: auth_user_id_seq; Type: SEQUENCE; Schema: public; Owner: postgres
--

ALTER TABLE public.auth_user ALTER COLUMN id ADD GENERATED BY DEFAULT AS IDENTITY (
    SEQUENCE NAME public.auth_user_id_seq
    START WITH 1
    INCREMENT BY 1
    NO MINVALUE
    NO MAXVALUE
    CACHE 1
);


--
-- Name: auth_user_user_permissions; Type: TABLE; Schema: public; Owner: postgres
--

CREATE TABLE public.auth_user_user_permissions (
    id bigint NOT NULL,
    user_id integer NOT NULL,
    permission_id integer NOT NULL
);


ALTER TABLE public.auth_user_user_permissions OWNER TO postgres;

--
-- Name: auth_user_user_permissions_id_seq; Type: SEQUENCE; Schema: public; Owner: postgres
--

ALTER TABLE public.auth_user_user_permissions ALTER COLUMN id ADD GENERATED BY DEFAULT AS IDENTITY (
    SEQUENCE NAME public.auth_user_user_permissions_id_seq
    START WITH 1
    INCREMENT BY 1
    NO MINVALUE
    NO MAXVALUE
    CACHE 1
);


--
-- Name: authtoken_token; Type: TABLE; Schema: public; Owner: postgres
--

CREATE TABLE public.authtoken_token (
    key character varying(40) NOT NULL,
    created timestamp with time zone NOT NULL,
    user_id integer NOT NULL
);


ALTER TABLE public.authtoken_token OWNER TO postgres;

--
-- Name: django_admin_log; Type: TABLE; Schema: public; Owner: postgres
--

CREATE TABLE public.django_admin_log (
    id integer NOT NULL,
    action_time timestamp with time zone NOT NULL,
    object_id text,
    object_repr character varying(200) NOT NULL,
    action_flag smallint NOT NULL,
    change_message text NOT NULL,
    content_type_id integer,
    user_id integer NOT NULL,
    CONSTRAINT django_admin_log_action_flag_check CHECK ((action_flag >= 0))
);


ALTER TABLE public.django_admin_log OWNER TO postgres;

--
-- Name: django_admin_log_id_seq; Type: SEQUENCE; Schema: public; Owner: postgres
--

ALTER TABLE public.django_admin_log ALTER COLUMN id ADD GENERATED BY DEFAULT AS IDENTITY (
    SEQUENCE NAME public.django_admin_log_id_seq
    START WITH 1
    INCREMENT BY 1
    NO MINVALUE
    NO MAXVALUE
    CACHE 1
);


--
-- Name: django_content_type; Type: TABLE; Schema: public; Owner: postgres
--

CREATE TABLE public.django_content_type (
    id integer NOT NULL,
    app_label character varying(100) NOT NULL,
    model character varying(100) NOT NULL
);


ALTER TABLE public.django_content_type OWNER TO postgres;

--
-- Name: django_content_type_id_seq; Type: SEQUENCE; Schema: public; Owner: postgres
--

ALTER TABLE public.django_content_type ALTER COLUMN id ADD GENERATED BY DEFAULT AS IDENTITY (
    SEQUENCE NAME public.django_content_type_id_seq
    START WITH 1
    INCREMENT BY 1
    NO MINVALUE
    NO MAXVALUE
    CACHE 1
);


--
-- Name: django_migrations; Type: TABLE; Schema: public; Owner: postgres
--

CREATE TABLE public.django_migrations (
    id bigint NOT NULL,
    app character varying(255) NOT NULL,
    name character varying(255) NOT NULL,
    applied timestamp with time zone NOT NULL
);


ALTER TABLE public.django_migrations OWNER TO postgres;

--
-- Name: django_migrations_id_seq; Type: SEQUENCE; Schema: public; Owner: postgres
--

ALTER TABLE public.django_migrations ALTER COLUMN id ADD GENERATED BY DEFAULT AS IDENTITY (
    SEQUENCE NAME public.django_migrations_id_seq
    START WITH 1
    INCREMENT BY 1
    NO MINVALUE
    NO MAXVALUE
    CACHE 1
);


--
-- Name: django_session; Type: TABLE; Schema: public; Owner: postgres
--

CREATE TABLE public.django_session (
    session_key character varying(40) NOT NULL,
    session_data text NOT NULL,
    expire_date timestamp with time zone NOT NULL
);


ALTER TABLE public.django_session OWNER TO postgres;

--
-- Name: home_person; Type: TABLE; Schema: public; Owner: postgres
--

CREATE TABLE public.home_person (
    id bigint NOT NULL,
    name character varying(100) NOT NULL,
    national_code character varying(10) NOT NULL,
    expert character varying(200) NOT NULL,
    birth_date text,
    created_at date,
    updated_at date,
    city character varying(100),
    province character varying(100)
);


ALTER TABLE public.home_person OWNER TO postgres;

--
-- Name: home_person_id_seq; Type: SEQUENCE; Schema: public; Owner: postgres
--

ALTER TABLE public.home_person ALTER COLUMN id ADD GENERATED BY DEFAULT AS IDENTITY (
    SEQUENCE NAME public.home_person_id_seq
    START WITH 1
    INCREMENT BY 1
    NO MINVALUE
    NO MAXVALUE
    CACHE 1
);


--
-- Data for Name: auth_group; Type: TABLE DATA; Schema: public; Owner: postgres
--

COPY public.auth_group (id, name) FROM stdin;
\.


--
-- Data for Name: auth_group_permissions; Type: TABLE DATA; Schema: public; Owner: postgres
--

COPY public.auth_group_permissions (id, group_id, permission_id) FROM stdin;
\.


--
-- Data for Name: auth_permission; Type: TABLE DATA; Schema: public; Owner: postgres
--

COPY public.auth_permission (id, name, content_type_id, codename) FROM stdin;
1	Can add log entry	1	add_logentry
2	Can change log entry	1	change_logentry
3	Can delete log entry	1	delete_logentry
4	Can view log entry	1	view_logentry
5	Can add permission	2	add_permission
6	Can change permission	2	change_permission
7	Can delete permission	2	delete_permission
8	Can view permission	2	view_permission
9	Can add group	3	add_group
10	Can change group	3	change_group
11	Can delete group	3	delete_group
12	Can view group	3	view_group
13	Can add user	4	add_user
14	Can change user	4	change_user
15	Can delete user	4	delete_user
16	Can view user	4	view_user
17	Can add content type	5	add_contenttype
18	Can change content type	5	change_contenttype
19	Can delete content type	5	delete_contenttype
20	Can view content type	5	view_contenttype
21	Can add session	6	add_session
22	Can change session	6	change_session
23	Can delete session	6	delete_session
24	Can view session	6	view_session
25	Can add Token	7	add_token
26	Can change Token	7	change_token
27	Can delete Token	7	delete_token
28	Can view Token	7	view_token
29	Can add Token	8	add_tokenproxy
30	Can change Token	8	change_tokenproxy
31	Can delete Token	8	delete_tokenproxy
32	Can view Token	8	view_tokenproxy
33	Can add person	9	add_person
34	Can change person	9	change_person
35	Can delete person	9	delete_person
36	Can view person	9	view_person
\.


--
-- Data for Name: auth_user; Type: TABLE DATA; Schema: public; Owner: postgres
--

COPY public.auth_user (id, password, last_login, is_superuser, username, first_name, last_name, email, is_staff, is_active, date_joined) FROM stdin;
1	pbkdf2_sha256$720000$F5qlkJJil9AkHlDvBkneN8$bYxEgsf0PHA/VXEDN3cOYzCGFJSf7YTprg50+Y0NlMw=	2024-05-26 19:52:57.480434+03:30	t	alireza				t	t	2024-04-22 10:49:01.367032+03:30
\.


--
-- Data for Name: auth_user_groups; Type: TABLE DATA; Schema: public; Owner: postgres
--

COPY public.auth_user_groups (id, user_id, group_id) FROM stdin;
\.


--
-- Data for Name: auth_user_user_permissions; Type: TABLE DATA; Schema: public; Owner: postgres
--

COPY public.auth_user_user_permissions (id, user_id, permission_id) FROM stdin;
\.


--
-- Data for Name: authtoken_token; Type: TABLE DATA; Schema: public; Owner: postgres
--

COPY public.authtoken_token (key, created, user_id) FROM stdin;
368cde7ba9e85025aceb67364f220baa94631a73	2024-05-25 13:25:20.842759+03:30	1
\.


--
-- Data for Name: django_admin_log; Type: TABLE DATA; Schema: public; Owner: postgres
--

COPY public.django_admin_log (id, action_time, object_id, object_repr, action_flag, change_message, content_type_id, user_id) FROM stdin;
1	2024-04-22 22:19:20.6754+03:30	1	hadi	1	[{"added": {}}]	9	1
2	2024-04-22 22:39:24.245135+03:30	2	hagh	1	[{"added": {}}]	9	1
3	2024-04-23 21:33:47.154633+03:30	3	kia	1	[{"added": {}}]	9	1
4	2024-04-23 21:34:11.882222+03:30	3	kia	3		9	1
5	2024-04-23 22:04:44.807509+03:30	4	کیا	1	[{"added": {}}]	9	1
6	2024-04-24 01:26:50.613317+03:30	4	کیا	2	[{"changed": {"fields": ["National code", "Expert"]}}]	9	1
7	2024-04-26 22:56:32.183025+03:30	5	Kia	1	[{"added": {}}]	9	1
8	2024-04-26 23:03:26.211888+03:30	6	Ali	1	[{"added": {}}]	9	1
9	2024-04-26 23:03:51.963944+03:30	7	mmd	1	[{"added": {}}]	9	1
10	2024-04-26 23:04:14.594911+03:30	8	1	1	[{"added": {}}]	9	1
11	2024-04-26 23:04:38.901567+03:30	9	1234	1	[{"added": {}}]	9	1
12	2024-04-26 23:05:07.77748+03:30	10	102312312313	1	[{"added": {}}]	9	1
13	2024-04-26 23:05:29.943981+03:30	11	kianosh	1	[{"added": {}}]	9	1
14	2024-04-26 23:05:57.253379+03:30	12	Mim	1	[{"added": {}}]	9	1
15	2024-04-26 23:06:14.561613+03:30	13	mohammad	1	[{"added": {}}]	9	1
16	2024-04-27 00:16:11.080277+03:30	14	samane	1	[{"added": {}}]	9	1
17	2024-04-30 02:45:28.561886+03:30	17	saman	1	[{"added": {}}]	9	1
18	2024-04-30 15:20:08.306776+03:30	4	کیا	3		9	1
19	2024-05-07 03:25:53.495338+03:30	44	nia	1	[{"added": {}}]	9	1
20	2024-05-22 14:33:39.703433+03:30	1	b2449678f55e06af4146fefe36526934e1d67e77	1	[{"added": {}}]	8	1
21	2024-05-25 13:24:50.901249+03:30	1	b2449678f55e06af4146fefe36526934e1d67e77	3		8	1
22	2024-05-25 13:25:20.843432+03:30	1	368cde7ba9e85025aceb67364f220baa94631a73	1	[{"added": {}}]	8	1
23	2024-05-25 13:46:57.755055+03:30	66	simin	3		9	1
24	2024-05-25 13:46:57.761041+03:30	65	ebi	3		9	1
25	2024-05-25 13:46:57.763128+03:30	64	samane	3		9	1
26	2024-05-25 13:46:57.76545+03:30	63	reza	3		9	1
27	2024-05-25 13:46:57.767451+03:30	62	alireza	3		9	1
28	2024-05-25 13:46:57.76896+03:30	60	matin	3		9	1
29	2024-05-25 13:46:57.771469+03:30	59	joya	3		9	1
30	2024-05-25 13:46:57.773565+03:30	58	anahita	3		9	1
31	2024-05-25 13:46:57.775429+03:30	57	shahriar	3		9	1
32	2024-05-25 13:46:57.776792+03:30	56	azita	3		9	1
33	2024-05-25 13:46:57.778473+03:30	55	mohadese	3		9	1
34	2024-05-25 13:46:57.780288+03:30	54	kiana	3		9	1
35	2024-05-25 13:46:57.78189+03:30	53	kimia	3		9	1
36	2024-05-25 13:46:57.783459+03:30	52	zeynab	3		9	1
37	2024-05-25 13:46:57.785047+03:30	51	leyla	3		9	1
38	2024-05-25 13:46:57.786864+03:30	49	samane	3		9	1
39	2024-05-25 13:46:57.788654+03:30	48	bita	3		9	1
40	2024-05-25 13:46:57.790256+03:30	47	dani moradi	3		9	1
41	2024-05-25 13:46:57.791817+03:30	46	armin	3		9	1
42	2024-05-25 13:46:57.793416+03:30	45	raha	3		9	1
43	2024-05-25 13:46:57.795067+03:30	43	losi	3		9	1
44	2024-05-25 13:46:57.797134+03:30	42	zari	3		9	1
45	2024-05-25 13:46:57.798851+03:30	41	mohammad	3		9	1
46	2024-05-25 13:46:57.800377+03:30	39	sam	3		9	1
47	2024-05-25 13:46:57.802202+03:30	38	saman	3		9	1
48	2024-05-25 13:46:57.803194+03:30	36	shima	3		9	1
49	2024-05-25 13:46:57.805485+03:30	35	Ali	3		9	1
50	2024-05-25 13:46:57.807183+03:30	34	mmd	3		9	1
51	2024-05-25 13:46:57.808182+03:30	30	cours	3		9	1
52	2024-05-25 13:46:57.810174+03:30	29	tina	3		9	1
53	2024-05-25 13:46:57.81217+03:30	28	leyla	3		9	1
54	2024-05-25 13:46:57.813672+03:30	27	saman	3		9	1
55	2024-05-25 13:46:57.815252+03:30	24	ali	3		9	1
56	2024-05-25 13:46:57.816809+03:30	22	sara	3		9	1
57	2024-05-25 13:46:57.818473+03:30	21	courses	3		9	1
58	2024-05-25 13:46:57.820507+03:30	17	saman	3		9	1
59	2024-05-25 13:46:57.821505+03:30	15	lili	3		9	1
60	2024-05-25 13:46:57.823504+03:30	14	samane	3		9	1
61	2024-05-25 13:55:34.901864+03:30	67	alireza	2	[{"changed": {"fields": ["Birth Date"]}}]	9	1
62	2024-05-25 14:58:14.611524+03:30	67	alireza	2	[]	9	1
63	2024-05-25 16:08:32.692822+03:30	72	alireza zaboli	3		9	1
64	2024-05-25 16:08:32.695396+03:30	71	ali	3		9	1
65	2024-05-25 16:08:32.696397+03:30	70	App 1	3		9	1
66	2024-05-25 16:08:32.698404+03:30	69	samane	3		9	1
67	2024-05-25 16:08:32.699787+03:30	68	alireza	3		9	1
68	2024-05-25 16:08:32.701058+03:30	67	alireza	3		9	1
69	2024-05-25 20:21:13.928545+03:30	82	sasan	1	[{"added": {}}]	9	1
70	2024-05-26 13:31:14.751148+03:30	84	courses	3		9	1
71	2024-05-26 13:31:14.767478+03:30	83	sosan	3		9	1
72	2024-05-26 13:31:14.770713+03:30	82	sasan	3		9	1
73	2024-05-26 13:31:14.773469+03:30	81	shahrokh	3		9	1
74	2024-05-26 13:31:14.776302+03:30	80	kimiaa	3		9	1
75	2024-05-26 13:31:14.77974+03:30	78	mohadese	3		9	1
76	2024-05-26 13:31:14.782651+03:30	77	ariz	3		9	1
77	2024-05-26 13:31:14.785207+03:30	76	ali	3		9	1
78	2024-05-26 13:31:14.787331+03:30	75	lili	3		9	1
79	2024-05-26 13:31:14.789964+03:30	74	hadi	3		9	1
80	2024-05-26 13:31:14.791952+03:30	73	samane	3		9	1
\.


--
-- Data for Name: django_content_type; Type: TABLE DATA; Schema: public; Owner: postgres
--

COPY public.django_content_type (id, app_label, model) FROM stdin;
1	admin	logentry
2	auth	permission
3	auth	group
4	auth	user
5	contenttypes	contenttype
6	sessions	session
7	authtoken	token
8	authtoken	tokenproxy
9	home	person
\.


--
-- Data for Name: django_migrations; Type: TABLE DATA; Schema: public; Owner: postgres
--

COPY public.django_migrations (id, app, name, applied) FROM stdin;
1	contenttypes	0001_initial	2024-04-22 10:46:32.316926+03:30
2	auth	0001_initial	2024-04-22 10:46:32.510324+03:30
3	admin	0001_initial	2024-04-22 10:46:32.566296+03:30
4	admin	0002_logentry_remove_auto_add	2024-04-22 10:46:32.581288+03:30
5	admin	0003_logentry_add_action_flag_choices	2024-04-22 10:46:32.602191+03:30
6	contenttypes	0002_remove_content_type_name	2024-04-22 10:46:32.659706+03:30
7	auth	0002_alter_permission_name_max_length	2024-04-22 10:46:32.685639+03:30
8	auth	0003_alter_user_email_max_length	2024-04-22 10:46:32.712469+03:30
9	auth	0004_alter_user_username_opts	2024-04-22 10:46:32.732292+03:30
10	auth	0005_alter_user_last_login_null	2024-04-22 10:46:32.75588+03:30
11	auth	0006_require_contenttypes_0002	2024-04-22 10:46:32.759872+03:30
12	auth	0007_alter_validators_add_error_messages	2024-04-22 10:46:32.78244+03:30
13	auth	0008_alter_user_username_max_length	2024-04-22 10:46:32.817828+03:30
14	auth	0009_alter_user_last_name_max_length	2024-04-22 10:46:32.841773+03:30
15	auth	0010_alter_group_name_max_length	2024-04-22 10:46:32.87649+03:30
16	auth	0011_update_proxy_permissions	2024-04-22 10:46:32.893443+03:30
17	auth	0012_alter_user_first_name_max_length	2024-04-22 10:46:32.904412+03:30
18	sessions	0001_initial	2024-04-22 10:46:32.929899+03:30
19	authtoken	0001_initial	2024-04-22 13:00:46.890069+03:30
20	authtoken	0002_auto_20160226_1747	2024-04-22 13:00:46.979512+03:30
21	authtoken	0003_tokenproxy	2024-04-22 13:00:46.98648+03:30
22	authtoken	0004_alter_tokenproxy_options	2024-04-22 13:00:47.003474+03:30
23	home	0001_initial	2024-04-22 13:01:58.718009+03:30
24	home	0002_alter_person_expert	2024-04-22 13:12:17.142935+03:30
25	home	0003_person_birth_date_person_created_at_and_more	2024-05-25 13:50:58.447409+03:30
26	home	0004_alter_person_created_at_alter_person_updated_at	2024-05-25 15:30:59.2333+03:30
\.


--
-- Data for Name: django_session; Type: TABLE DATA; Schema: public; Owner: postgres
--

COPY public.django_session (session_key, session_data, expire_date) FROM stdin;
emb0tdeoqr6vh0fvfkw9ywemubyalp9h	.eJxVjDsOwjAQBe_iGln-hXgp6XMGa71e4wCypTipEHeHSCmgfTPzXiLgtpawdV7CnMRFaHH63SLSg-sO0h3rrUlqdV3mKHdFHrTLqSV-Xg_376BgL99aoVM5G5P5bDMxk0kOldJeZQvg2Glgj4PVA0RPI9FoiBMwqwQIkcX7A_fAOMc:1rynxT:W15ULI7cLEwqFFgtrI_oVl4GKw_tgQT3nlTCWWRIagk	2024-05-06 10:49:23.797821+03:30
hjw59ps1vy1eegbdflrpxc8907hal5h6	.eJxVjDsOwjAQBe_iGln-hXgp6XMGa71e4wCypTipEHeHSCmgfTPzXiLgtpawdV7CnMRFaHH63SLSg-sO0h3rrUlqdV3mKHdFHrTLqSV-Xg_376BgL99aoVM5G5P5bDMxk0kOldJeZQvg2Glgj4PVA0RPI9FoiBMwqwQIkcX7A_fAOMc:1s1lzS:UW4_xJGlLMSMPZnAn52gUUsyob3R95YIotzXdS3dFaI	2024-05-14 15:19:42.831912+03:30
w6dh4cls6ons2530h728lc79dck5tphe	.eJxVjDsOwjAQBe_iGln-hXgp6XMGa71e4wCypTipEHeHSCmgfTPzXiLgtpawdV7CnMRFaHH63SLSg-sO0h3rrUlqdV3mKHdFHrTLqSV-Xg_376BgL99aoVM5G5P5bDMxk0kOldJeZQvg2Glgj4PVA0RPI9FoiBMwqwQIkcX7A_fAOMc:1s3waS:w8ldYQWS5SWEdytNvSGTtBnuOt4JaiGqWC4r50K7urI	2024-05-20 15:02:52.413852+03:30
ufurole8lvzsc3k45in1u958w38l1ghd	.eJxVjDsOwjAQBe_iGln-hXgp6XMGa71e4wCypTipEHeHSCmgfTPzXiLgtpawdV7CnMRFaHH63SLSg-sO0h3rrUlqdV3mKHdFHrTLqSV-Xg_376BgL99aoVM5G5P5bDMxk0kOldJeZQvg2Glgj4PVA0RPI9FoiBMwqwQIkcX7A_fAOMc:1s9jg5:j1aucTEQqlkSIKTjxZ392ecH5aGMKwZrJfTD4zDfIwk	2024-06-05 14:28:37.622976+03:30
pj04hv3na5m1rhlb4kdouyvcfbf3f9gh	.eJxVjDsOwjAQBe_iGln-hXgp6XMGa71e4wCypTipEHeHSCmgfTPzXiLgtpawdV7CnMRFaHH63SLSg-sO0h3rrUlqdV3mKHdFHrTLqSV-Xg_376BgL99aoVM5G5P5bDMxk0kOldJeZQvg2Glgj4PVA0RPI9FoiBMwqwQIkcX7A_fAOMc:1sBGe9:KE0xd3t9nT8bw3sjno91mJLHoFVxRo33sjyDGDlvdzo	2024-06-09 19:52:57.486416+03:30
\.


--
-- Data for Name: home_person; Type: TABLE DATA; Schema: public; Owner: postgres
--

COPY public.home_person (id, name, national_code, expert, birth_date, created_at, updated_at, city, province) FROM stdin;
89	arez	0534567891	ali asadi	1380-02-12	2024-05-26	2024-05-26	Paveh	Kermanshah
92	ali	1231231231	ali asadi	1403/10/18	2024-05-26	2024-05-26	Borujerd	Lorestan
93	samane	1231231231	ali asadi	1380-02-12	2024-05-26	2024-05-26	Minab	Hormozgan
98	iman	1231231231	reza rahimi	1398/3/9	2024-05-26	2024-05-26	Sirjan	Kerman
88	mohadese	0123456789	reza rahimi	1403/3/9	2024-05-26	2024-05-26	Minab	Hormozgan
103	armin	1231231231	ali asadi	1403/3/9	2024-05-26	2024-05-26	Maragheh	East Azerbaijan
104	ayda	1231231231	ali asadi	1390-03-01	2024-05-26	2024-05-26	Mahabad	West Azerbaijan
105	shahriar	1894561235	ali asadi	1388/3/14	2024-05-26	2024-05-26	Borujerd	Lorestan
106	jouya	1894561234	reza rahimi	1380-02-12	2024-05-26	2024-05-26	Rafsanjan	Kerman
107	dani	0123456789	amir kashefi	1403/3/10	2024-05-26	2024-05-26	Kermanshah	Kermanshah
108	matin	0534567891	reza rahimi	1403/3/1	2024-05-26	2024-05-26	Kermanshah	Kermanshah
110	nima	1894561235	reza rahimi	1403/3/10	2024-05-28	2024-05-28	Bandar Abbas	Hormozgan
109	mmdddddddddddddd	1231231231	ali asadi	1381/3/7	2024-05-26	2024-05-28	Khorramabad	Lorestan
111	jouya	0926212591	amir kashefi	1403/3/2	2024-05-28	2024-05-28	Yazd	Yazd
113	حسینیمن	6666666655	ali asadi	1403/3/7	2024-05-28	2024-05-28	Mashhad	Khorasan Razavi
90	nazanin	0534567891	ali asadi	1375/3/5	2024-05-26	2024-05-28	Bandar Abbas	Hormozgan
\.


--
-- Name: auth_group_id_seq; Type: SEQUENCE SET; Schema: public; Owner: postgres
--

SELECT pg_catalog.setval('public.auth_group_id_seq', 1, false);


--
-- Name: auth_group_permissions_id_seq; Type: SEQUENCE SET; Schema: public; Owner: postgres
--

SELECT pg_catalog.setval('public.auth_group_permissions_id_seq', 1, false);


--
-- Name: auth_permission_id_seq; Type: SEQUENCE SET; Schema: public; Owner: postgres
--

SELECT pg_catalog.setval('public.auth_permission_id_seq', 36, true);


--
-- Name: auth_user_groups_id_seq; Type: SEQUENCE SET; Schema: public; Owner: postgres
--

SELECT pg_catalog.setval('public.auth_user_groups_id_seq', 1, false);


--
-- Name: auth_user_id_seq; Type: SEQUENCE SET; Schema: public; Owner: postgres
--

SELECT pg_catalog.setval('public.auth_user_id_seq', 1, true);


--
-- Name: auth_user_user_permissions_id_seq; Type: SEQUENCE SET; Schema: public; Owner: postgres
--

SELECT pg_catalog.setval('public.auth_user_user_permissions_id_seq', 1, false);


--
-- Name: django_admin_log_id_seq; Type: SEQUENCE SET; Schema: public; Owner: postgres
--

SELECT pg_catalog.setval('public.django_admin_log_id_seq', 80, true);


--
-- Name: django_content_type_id_seq; Type: SEQUENCE SET; Schema: public; Owner: postgres
--

SELECT pg_catalog.setval('public.django_content_type_id_seq', 9, true);


--
-- Name: django_migrations_id_seq; Type: SEQUENCE SET; Schema: public; Owner: postgres
--

SELECT pg_catalog.setval('public.django_migrations_id_seq', 26, true);


--
-- Name: home_person_id_seq; Type: SEQUENCE SET; Schema: public; Owner: postgres
--

SELECT pg_catalog.setval('public.home_person_id_seq', 113, true);


--
-- Name: auth_group auth_group_name_key; Type: CONSTRAINT; Schema: public; Owner: postgres
--

ALTER TABLE ONLY public.auth_group
    ADD CONSTRAINT auth_group_name_key UNIQUE (name);


--
-- Name: auth_group_permissions auth_group_permissions_group_id_permission_id_0cd325b0_uniq; Type: CONSTRAINT; Schema: public; Owner: postgres
--

ALTER TABLE ONLY public.auth_group_permissions
    ADD CONSTRAINT auth_group_permissions_group_id_permission_id_0cd325b0_uniq UNIQUE (group_id, permission_id);


--
-- Name: auth_group_permissions auth_group_permissions_pkey; Type: CONSTRAINT; Schema: public; Owner: postgres
--

ALTER TABLE ONLY public.auth_group_permissions
    ADD CONSTRAINT auth_group_permissions_pkey PRIMARY KEY (id);


--
-- Name: auth_group auth_group_pkey; Type: CONSTRAINT; Schema: public; Owner: postgres
--

ALTER TABLE ONLY public.auth_group
    ADD CONSTRAINT auth_group_pkey PRIMARY KEY (id);


--
-- Name: auth_permission auth_permission_content_type_id_codename_01ab375a_uniq; Type: CONSTRAINT; Schema: public; Owner: postgres
--

ALTER TABLE ONLY public.auth_permission
    ADD CONSTRAINT auth_permission_content_type_id_codename_01ab375a_uniq UNIQUE (content_type_id, codename);


--
-- Name: auth_permission auth_permission_pkey; Type: CONSTRAINT; Schema: public; Owner: postgres
--

ALTER TABLE ONLY public.auth_permission
    ADD CONSTRAINT auth_permission_pkey PRIMARY KEY (id);


--
-- Name: auth_user_groups auth_user_groups_pkey; Type: CONSTRAINT; Schema: public; Owner: postgres
--

ALTER TABLE ONLY public.auth_user_groups
    ADD CONSTRAINT auth_user_groups_pkey PRIMARY KEY (id);


--
-- Name: auth_user_groups auth_user_groups_user_id_group_id_94350c0c_uniq; Type: CONSTRAINT; Schema: public; Owner: postgres
--

ALTER TABLE ONLY public.auth_user_groups
    ADD CONSTRAINT auth_user_groups_user_id_group_id_94350c0c_uniq UNIQUE (user_id, group_id);


--
-- Name: auth_user auth_user_pkey; Type: CONSTRAINT; Schema: public; Owner: postgres
--

ALTER TABLE ONLY public.auth_user
    ADD CONSTRAINT auth_user_pkey PRIMARY KEY (id);


--
-- Name: auth_user_user_permissions auth_user_user_permissions_pkey; Type: CONSTRAINT; Schema: public; Owner: postgres
--

ALTER TABLE ONLY public.auth_user_user_permissions
    ADD CONSTRAINT auth_user_user_permissions_pkey PRIMARY KEY (id);


--
-- Name: auth_user_user_permissions auth_user_user_permissions_user_id_permission_id_14a6b632_uniq; Type: CONSTRAINT; Schema: public; Owner: postgres
--

ALTER TABLE ONLY public.auth_user_user_permissions
    ADD CONSTRAINT auth_user_user_permissions_user_id_permission_id_14a6b632_uniq UNIQUE (user_id, permission_id);


--
-- Name: auth_user auth_user_username_key; Type: CONSTRAINT; Schema: public; Owner: postgres
--

ALTER TABLE ONLY public.auth_user
    ADD CONSTRAINT auth_user_username_key UNIQUE (username);


--
-- Name: authtoken_token authtoken_token_pkey; Type: CONSTRAINT; Schema: public; Owner: postgres
--

ALTER TABLE ONLY public.authtoken_token
    ADD CONSTRAINT authtoken_token_pkey PRIMARY KEY (key);


--
-- Name: authtoken_token authtoken_token_user_id_key; Type: CONSTRAINT; Schema: public; Owner: postgres
--

ALTER TABLE ONLY public.authtoken_token
    ADD CONSTRAINT authtoken_token_user_id_key UNIQUE (user_id);


--
-- Name: django_admin_log django_admin_log_pkey; Type: CONSTRAINT; Schema: public; Owner: postgres
--

ALTER TABLE ONLY public.django_admin_log
    ADD CONSTRAINT django_admin_log_pkey PRIMARY KEY (id);


--
-- Name: django_content_type django_content_type_app_label_model_76bd3d3b_uniq; Type: CONSTRAINT; Schema: public; Owner: postgres
--

ALTER TABLE ONLY public.django_content_type
    ADD CONSTRAINT django_content_type_app_label_model_76bd3d3b_uniq UNIQUE (app_label, model);


--
-- Name: django_content_type django_content_type_pkey; Type: CONSTRAINT; Schema: public; Owner: postgres
--

ALTER TABLE ONLY public.django_content_type
    ADD CONSTRAINT django_content_type_pkey PRIMARY KEY (id);


--
-- Name: django_migrations django_migrations_pkey; Type: CONSTRAINT; Schema: public; Owner: postgres
--

ALTER TABLE ONLY public.django_migrations
    ADD CONSTRAINT django_migrations_pkey PRIMARY KEY (id);


--
-- Name: django_session django_session_pkey; Type: CONSTRAINT; Schema: public; Owner: postgres
--

ALTER TABLE ONLY public.django_session
    ADD CONSTRAINT django_session_pkey PRIMARY KEY (session_key);


--
-- Name: home_person home_person_pkey; Type: CONSTRAINT; Schema: public; Owner: postgres
--

ALTER TABLE ONLY public.home_person
    ADD CONSTRAINT home_person_pkey PRIMARY KEY (id);


--
-- Name: auth_group_name_a6ea08ec_like; Type: INDEX; Schema: public; Owner: postgres
--

CREATE INDEX auth_group_name_a6ea08ec_like ON public.auth_group USING btree (name varchar_pattern_ops);


--
-- Name: auth_group_permissions_group_id_b120cbf9; Type: INDEX; Schema: public; Owner: postgres
--

CREATE INDEX auth_group_permissions_group_id_b120cbf9 ON public.auth_group_permissions USING btree (group_id);


--
-- Name: auth_group_permissions_permission_id_84c5c92e; Type: INDEX; Schema: public; Owner: postgres
--

CREATE INDEX auth_group_permissions_permission_id_84c5c92e ON public.auth_group_permissions USING btree (permission_id);


--
-- Name: auth_permission_content_type_id_2f476e4b; Type: INDEX; Schema: public; Owner: postgres
--

CREATE INDEX auth_permission_content_type_id_2f476e4b ON public.auth_permission USING btree (content_type_id);


--
-- Name: auth_user_groups_group_id_97559544; Type: INDEX; Schema: public; Owner: postgres
--

CREATE INDEX auth_user_groups_group_id_97559544 ON public.auth_user_groups USING btree (group_id);


--
-- Name: auth_user_groups_user_id_6a12ed8b; Type: INDEX; Schema: public; Owner: postgres
--

CREATE INDEX auth_user_groups_user_id_6a12ed8b ON public.auth_user_groups USING btree (user_id);


--
-- Name: auth_user_user_permissions_permission_id_1fbb5f2c; Type: INDEX; Schema: public; Owner: postgres
--

CREATE INDEX auth_user_user_permissions_permission_id_1fbb5f2c ON public.auth_user_user_permissions USING btree (permission_id);


--
-- Name: auth_user_user_permissions_user_id_a95ead1b; Type: INDEX; Schema: public; Owner: postgres
--

CREATE INDEX auth_user_user_permissions_user_id_a95ead1b ON public.auth_user_user_permissions USING btree (user_id);


--
-- Name: auth_user_username_6821ab7c_like; Type: INDEX; Schema: public; Owner: postgres
--

CREATE INDEX auth_user_username_6821ab7c_like ON public.auth_user USING btree (username varchar_pattern_ops);


--
-- Name: authtoken_token_key_10f0b77e_like; Type: INDEX; Schema: public; Owner: postgres
--

CREATE INDEX authtoken_token_key_10f0b77e_like ON public.authtoken_token USING btree (key varchar_pattern_ops);


--
-- Name: django_admin_log_content_type_id_c4bce8eb; Type: INDEX; Schema: public; Owner: postgres
--

CREATE INDEX django_admin_log_content_type_id_c4bce8eb ON public.django_admin_log USING btree (content_type_id);


--
-- Name: django_admin_log_user_id_c564eba6; Type: INDEX; Schema: public; Owner: postgres
--

CREATE INDEX django_admin_log_user_id_c564eba6 ON public.django_admin_log USING btree (user_id);


--
-- Name: django_session_expire_date_a5c62663; Type: INDEX; Schema: public; Owner: postgres
--

CREATE INDEX django_session_expire_date_a5c62663 ON public.django_session USING btree (expire_date);


--
-- Name: django_session_session_key_c0390e0f_like; Type: INDEX; Schema: public; Owner: postgres
--

CREATE INDEX django_session_session_key_c0390e0f_like ON public.django_session USING btree (session_key varchar_pattern_ops);


--
-- Name: auth_group_permissions auth_group_permissio_permission_id_84c5c92e_fk_auth_perm; Type: FK CONSTRAINT; Schema: public; Owner: postgres
--

ALTER TABLE ONLY public.auth_group_permissions
    ADD CONSTRAINT auth_group_permissio_permission_id_84c5c92e_fk_auth_perm FOREIGN KEY (permission_id) REFERENCES public.auth_permission(id) DEFERRABLE INITIALLY DEFERRED;


--
-- Name: auth_group_permissions auth_group_permissions_group_id_b120cbf9_fk_auth_group_id; Type: FK CONSTRAINT; Schema: public; Owner: postgres
--

ALTER TABLE ONLY public.auth_group_permissions
    ADD CONSTRAINT auth_group_permissions_group_id_b120cbf9_fk_auth_group_id FOREIGN KEY (group_id) REFERENCES public.auth_group(id) DEFERRABLE INITIALLY DEFERRED;


--
-- Name: auth_permission auth_permission_content_type_id_2f476e4b_fk_django_co; Type: FK CONSTRAINT; Schema: public; Owner: postgres
--

ALTER TABLE ONLY public.auth_permission
    ADD CONSTRAINT auth_permission_content_type_id_2f476e4b_fk_django_co FOREIGN KEY (content_type_id) REFERENCES public.django_content_type(id) DEFERRABLE INITIALLY DEFERRED;


--
-- Name: auth_user_groups auth_user_groups_group_id_97559544_fk_auth_group_id; Type: FK CONSTRAINT; Schema: public; Owner: postgres
--

ALTER TABLE ONLY public.auth_user_groups
    ADD CONSTRAINT auth_user_groups_group_id_97559544_fk_auth_group_id FOREIGN KEY (group_id) REFERENCES public.auth_group(id) DEFERRABLE INITIALLY DEFERRED;


--
-- Name: auth_user_groups auth_user_groups_user_id_6a12ed8b_fk_auth_user_id; Type: FK CONSTRAINT; Schema: public; Owner: postgres
--

ALTER TABLE ONLY public.auth_user_groups
    ADD CONSTRAINT auth_user_groups_user_id_6a12ed8b_fk_auth_user_id FOREIGN KEY (user_id) REFERENCES public.auth_user(id) DEFERRABLE INITIALLY DEFERRED;


--
-- Name: auth_user_user_permissions auth_user_user_permi_permission_id_1fbb5f2c_fk_auth_perm; Type: FK CONSTRAINT; Schema: public; Owner: postgres
--

ALTER TABLE ONLY public.auth_user_user_permissions
    ADD CONSTRAINT auth_user_user_permi_permission_id_1fbb5f2c_fk_auth_perm FOREIGN KEY (permission_id) REFERENCES public.auth_permission(id) DEFERRABLE INITIALLY DEFERRED;


--
-- Name: auth_user_user_permissions auth_user_user_permissions_user_id_a95ead1b_fk_auth_user_id; Type: FK CONSTRAINT; Schema: public; Owner: postgres
--

ALTER TABLE ONLY public.auth_user_user_permissions
    ADD CONSTRAINT auth_user_user_permissions_user_id_a95ead1b_fk_auth_user_id FOREIGN KEY (user_id) REFERENCES public.auth_user(id) DEFERRABLE INITIALLY DEFERRED;


--
-- Name: authtoken_token authtoken_token_user_id_35299eff_fk_auth_user_id; Type: FK CONSTRAINT; Schema: public; Owner: postgres
--

ALTER TABLE ONLY public.authtoken_token
    ADD CONSTRAINT authtoken_token_user_id_35299eff_fk_auth_user_id FOREIGN KEY (user_id) REFERENCES public.auth_user(id) DEFERRABLE INITIALLY DEFERRED;


--
-- Name: django_admin_log django_admin_log_content_type_id_c4bce8eb_fk_django_co; Type: FK CONSTRAINT; Schema: public; Owner: postgres
--

ALTER TABLE ONLY public.django_admin_log
    ADD CONSTRAINT django_admin_log_content_type_id_c4bce8eb_fk_django_co FOREIGN KEY (content_type_id) REFERENCES public.django_content_type(id) DEFERRABLE INITIALLY DEFERRED;


--
-- Name: django_admin_log django_admin_log_user_id_c564eba6_fk_auth_user_id; Type: FK CONSTRAINT; Schema: public; Owner: postgres
--

ALTER TABLE ONLY public.django_admin_log
    ADD CONSTRAINT django_admin_log_user_id_c564eba6_fk_auth_user_id FOREIGN KEY (user_id) REFERENCES public.auth_user(id) DEFERRABLE INITIALLY DEFERRED;


--
-- PostgreSQL database dump complete
--

